ЗХ1;Ходоуменьшитель Zirka - 105 (ЗХ1);"<div id=""home"" class=""tab-pane fade in active"">
    <p><strong>Наименование в прайсе:</strong><em> ЗХ1, Зменшувач ходу ""Zirka-105"".</em></p>&#13;
<ul>&#13;
<li>передаточное число: 2,5:1;</li>&#13;
<li>вес: 17 кг.</li>&#13;
</ul>&#13;
<p><strong>В комплекте:</strong> </p>&#13;
<ul>&#13;
<li>корпус с запрессованным шестигранным валом 32 мм;</li>&#13;
<li>переходная рамка из профильной трубы, для крепления к бензиновой версии мотоблока ""Zirka-105"";</li>&#13;
<li>большие звёзды: 2 шт.;</li>&#13;
<li>малые звёзды: 2 шт.;</li>&#13;
<li>цепь: 2 шт.;</li>&#13;
<li>хомут для фиксации звёзд на шестигранном валу: 2 шт.</li>&#13;
</ul>&#13;
<p>Для крепления к мотоблоку с бензиновым двигателем используется переходная рамка с крепежными отверстиями 160х78 мм. Для использования с другими моделями мотоблоков потребуется переделка корпуса.</p>    </div>"
ЗХ2;Ходоуменшитель Zirka-135 (ЗХ2);"<div id=""home"" class=""tab-pane fade in active"">
    <p><strong>Наименование в прайсе:</strong><em> ЗХ2, Зменшувач ходу ""Zirka-135"".</em></p>&#13;
<p>Цепной ходоуменьшитель для мотоблока ""Zirka-135"".</p>&#13;
<ul>&#13;
<li>передаточное число: 2,5 : 1.</li>&#13;
<li>вес: 17 кг.</li>&#13;
</ul>&#13;
<p>В комплекте:</p>&#13;
<ul>&#13;
<li>корпус с запрессованным шестигранным валом 32 мм;</li>&#13;
<li>большие звёзды: 2 шт.;</li>&#13;
<li>малые звёзды: 2 шт.;</li>&#13;
<li>цепь: 2 шт.;</li>&#13;
<li>хомут для фиксации звёзд на шестигранном валу: 2 шт.</li>&#13;
</ul>&#13;
<p>Для использования с другими моделями мотоблоков потребуется переделка корпуса.</p>    </div>"
ЗХ4;Ходоуменьшитель редукторный (дизель) (ЗХ4);"<div id=""home"" class=""tab-pane fade in active"">
    <p style=""text-align: justify;""><strong>Наименование в прайсе:</strong><em> ЗХ4, Зменшувач ходу редукторний.</em></p>&#13;
<p style=""text-align: justify;"">Ходоуменьшитель с шестерёнчатой передачей, «ЗХ4», разработан для понижения рабочей скорости мотоблоков оснащённых дизельными двигателями, с воздушным охлаждением, мощностью 6 л.с. Снижение скорости   необходимо для выполнения медленных работ: вспашка, окучивание, уборка картофеля и др.</p>&#13;
<p style=""text-align: justify;"">Ходоуменьшитель представляет собой дополнительную коробку переключения передач, которая устанавливается между двигателем и редуктором мотоблока. Ходоуменьшитель «ЗХ4» состоит из: стального корпуса, блока шестерен, первичного и вторичного вала, механизма переключения. По сравнению с ходоуменьшителем с цепной передачей ходоуменьшитель «ЗХ4» обладает важным преимуществом - не требует демонтажа для возврата к заводским скоростным характеристикам.</p>&#13;
<p style=""text-align: justify;"">После установки ходоуменьшителя, мотоблок получает дополнительную пониженную передачу. Для работы на поле используется режим «медленно», для перевода мотоблока в обычный режим работы необходимо заглушить двигатель и переместить рукоятку переключателя, на ходоуменьшители, в положение «быстро». Таким образом ходуменьшитель имеет две передачи: пониженную и прямую.</p>&#13;
<p style=""text-align: justify;""><strong>Перед тем как купить ходоуменьшитель для мотоблока нужно проверить возможна ли его установка на конкретное изделие. Основные параметры для проверки такие:</strong></p>&#13;
<ol style=""text-align: justify;"">&#13;
<li>Тип мотора — дизельный, 6 л.с., 178 серия;</li>&#13;
<li>Выходной вал мотора — диаметр 25 мм, шлицевой;</li>&#13;
<li>Трансмиссия — шестерёнчатая (редукторная);</li>&#13;
<li>Крепление мотора к редуктору - 8 болтов.</li>&#13;
</ol>&#13;
<p style=""text-align: justify;"">Установка ходоуменьшителя «ЗХ4» на мотоблоки других серий или с бензиновыми двигателями, может потребовать доработки или переделки ряда узлов ходоуменьшителя и должна производиться специализированными сервисными центрами. В дальнейшем мы планируем наладить производство ходоуменьшителей с шестерёнчатой передачей для других популярных моделей мотоблоков.</p>&#13;
<p style=""text-align: justify;"">Вес изделия: 10,9 кг</p>&#13;
<p style=""text-align: justify;"">Процесс установки ходоуменьшителя вы можете посмотреть на видео.</p>    </div>"
ЗХ5;Ходоуменьшитель редукторный(бензиновый) (ЗХ5);"<div id=""home"" class=""tab-pane fade in active"">
    <p><strong>Наименование в прайсе: </strong>ЗХ5, Зменшувач ходу редукторний (бензин).</p>&#13;
<p>Ходоуменьшитель с шестерёнчатой передачей, «ЗХ5», разработан для понижения рабочей скорости мотоблоков оснащённых бензиновыми двигателями, с воздушным охлаждением, мощностью 6 л.с. Снижение скорости   необходимо для выполнения медленных работ: вспашка, окучивание, уборка картофеля и др.</p>&#13;
<p>Ходоуменьшитель представляет собой дополнительную коробку переключения передач, которая устанавливается между двигателем и редуктором мотоблока. Ходоуменьшитель «ЗХ5» состоит из: стального корпуса, блока шестерен, первичного и вторичного вала, механизма переключения. По сравнению с ходоуменьшителем с цепной передачей ходоуменьшитель «ЗХ5» обладает важным преимуществом - не требует демонтажа для возврата к заводским скоростным характеристикам.</p>&#13;
<p>После установки ходоуменьшителя, мотоблок получает дополнительную пониженную передачу. Для работы на поле используется режим «медленно», для перевода мотоблока в обычный режим работы необходимо заглушить двигатель и переместить рукоятку переключателя, на ходоуменьшители, в положение «быстро». Таким образом ходуменьшитель имеет две передачи: пониженную и прямую.</p>&#13;
<p><strong><span style=""color: #ff0000;"">Перед тем как купить ходоуменьшитель для мотоблока нужно проверить возможна ли его установка на конкретное изделие. </span></strong></p>&#13;
<p>Основные параметры для проверки такие:</p>&#13;
<ol>&#13;
<li>Тип мотора — бензиновый, 6 л.с.</li>&#13;
<li>Выходной вал мотора — диаметр 25 мм, шлицевой.</li>&#13;
<li>Трансмиссия — шестерёнчатая (редукторная).</li>&#13;
<li>Крепление мотора к редуктору -  на 4 болта.</li>&#13;
</ol>&#13;
<p>В некоторых случаях установка ходоуменьшителя «ЗХ5» на мотоблок может потребовать доработки или переделки ряда узлов ходоуменьшителя и должна производиться специализированными сервисными центрами.</p>&#13;
<p>Вес изделия: 10,9 кг.</p>&#13;
<p>Процесс установки ходоуменьшителя на мотоблок, можно  посмотреть на видео.</p>    </div>"
ЗХ6;Ходоуменьшитель ременной (ЗХ6);"<div id=""home"" class=""tab-pane fade in active"">
    <p><strong>Наименование в прайсе: </strong><em>ЗХ6, Зменшувач ходу ремінний.</em></p>&#13;
<p>Редуктор разработан для тракторов,  по конструкции схожих с моделью «Файтер Т-16». Устанавливается на место натяжного ролика. Крепление осуществляется на болтовое или сварное соединение.</p>&#13;
<p>Редуктор предназначен для понижения (повышения) рабочей скорости. Изменение скорости обеспечивается благодаря использованию дополнительного двухстороннего шкива, диаметром 160/100 мм. Шкив крепится на раму трактора с помощью специального кронштейна.</p>&#13;
<p>Коэффициент редукции — 1,6. Использование редуктора позволяет снизить рабочую скорость трактора до комфортных значений без внесения изменений в коробку переключения передач.</p>&#13;
<p>Вес изделия: 12 кг.</p>    </div>"
ЗХд1;Цепь уменьшителя хода (ЗХд1);error
РБ1;Роторная борона S24 мм (РБ1);"<div id=""home"" class=""tab-pane fade in active"">
    <p style=""text-align: justify;""><strong>Наименование в прайсе:</strong> <em>Роторна борона S24.</em></p>&#13;
<p style=""text-align: justify;"">Роторная борона ""S24"" агрегатируется с мотоблоками ""Zirka LX 2040d"", ""Зубр GN4"", ""WM 900"", ""WM 500"". При движении мотоблока с секциями ротационной бороны пластины совместно с поперечными дисками измельчают почвенные комки и выравнивают поверхность почвы. Одна пластина разрезает крупные комья на относительно тонкие пласты, другая разрыхляет эту «нарезку», наводя «финальный блеск». Борона предназначена для предпосевной и послеуборочной обработки почвы с мотоблоком. Также бороной осуществляют запашку сидератов по осени. Ротационная борона состоит из двух секций, имеющих разный угол пластин. Каждая секция состоит из вала, оканчивающегося посадочной втулкой с отверстием под стопорный палец. На этом валу закреплены три поперечных диска с пазами, куда приварены шесть режущих пластин по касательной к почве. Секции устанавливаются на валы редуктора мотоблока.</p>&#13;
<p><strong>Габаритные размеры втулки:</strong></p>&#13;
<ul>&#13;
<li>диаметр: 24 мм;</li>&#13;
<li>длина: 90 мм.</li>&#13;
</ul>&#13;
<p><strong>Габаритные размеры бороны:</strong></p>&#13;
<ul>&#13;
<li>диаметр: 320 мм;</li>&#13;
<li>длина: 469 мм.</li>&#13;
</ul>&#13;
<p>Вес: 12.5 кг.</p>    </div>"
РБ2;Борона Zirka 105 и аналоги (РБ2);"<div id=""home"" class=""tab-pane fade in active"">
    <p style=""text-align: justify;""><strong>Наименование в прайсе: </strong><em>Роторна борона Zirka-105, РБ2.</em></p>&#13;
<p style=""text-align: justify;""><strong>Роторная борона</strong> агрегатируется с <strong>мотоблоками ""Zirka-105""</strong>. При движении мотоблока с секциями ротационной бороны пластины совместно с поперечными дисками измельчают почвенные комки и выравнивают поверхность почвы. Одна пластина разрезает крупные комья на относительно тонкие пласты, другая разрыхляет эту «нарезку», наводя «финальный блеск». Борона предназначена для <strong>предпосевной и послеуборочной обработки почвы</strong> с мотоблоком. Также бороной осуществляют запашку сидератов по осени. Ротационная борона состоит из трёх секций, имеющих разный угол пластин. Каждая секция состоит из вала, оканчивающегося посадочной втулкой с отверстием под стопорный палец. На этом валу закреплены четыре поперечных диска с пазами, куда приварены шесть пластин по касательной к почве. Секции устанавливаются на валы редуктора мотоблока.</p>&#13;
<p><strong>Габаритные размеры втулки:</strong></p>&#13;
<ul>&#13;
<li>диаметр: шестигранник на 32 мм;</li>&#13;
<li>длина: 90 мм.</li>&#13;
</ul>&#13;
<p><strong>Габаритные размеры бороны:</strong></p>&#13;
<ul>&#13;
<li>диаметр: 320 мм;</li>&#13;
<li>длина: 700 мм.</li>&#13;
</ul>&#13;
<p>Вес: 20кг.</p>    </div>"
РБ3;Борона Нева и аналоги (РБ3);"<div id=""home"" class=""tab-pane fade in active"">
    <p style=""text-align: justify;""><strong>Наименование в прайсе:</strong> <em>Роторна борона «Нева», РБ3.</em></p>&#13;
<p style=""text-align: justify;"">Роторная борона агрегатируется с мотоблоками «Нева». При движении мотоблока с секциями ротационной бороны пластины совместно с поперечными дисками измельчают почвенные комки и выравнивают поверхность почвы. Одна пластина разрезает крупные комья на относительно тонкие пласты, другая разрыхляет эту «нарезку», наводя «финальный блеск». Борона предназначена для предпосевной и послеуборочной обработки почвы с мотоблоком. Также бороной осуществляют запашку сидератов по осени. Ротационная борона состоит из двух секций, имеющих разный угол пластин. Каждая секция состоит из вала, оканчивающегося посадочной втулкой с отверстием под стопорный палец. На этом валу закреплены четыре поперечных диска с пазами, куда приварены шесть режущих пластин по касательной к почве. Секции устанавливаются на валы редуктора мотоблока.</p>&#13;
<p>Габаритные размеры втулки:</p>&#13;
<ul>&#13;
<li>диаметр: 30.2 мм;</li>&#13;
<li>длина: 80 мм.</li>&#13;
</ul>&#13;
<p>Габаритные размеры бороны:</p>&#13;
<ul>&#13;
<li>диаметр: 320 мм;</li>&#13;
<li>длина: 700 мм.</li>&#13;
</ul>&#13;
<p>Вес: 20 кг.</p>    </div>"
РБ4;Борона зубчастая (РБ4);"<div id=""home"" class=""tab-pane fade in active"">
    <p style=""text-align: justify;""><strong>Наименование в прайсе:</strong> <em>Зубова борона, РБ4.</em></p>&#13;
<p style=""text-align: justify;"">Борона РБ4 предназначена для глубокого рыхления почвы и уничтожения сорняков.</p>&#13;
<ul>&#13;
<li>производительность: 0,3-0,5 га/ч;</li>&#13;
<li>глубина боронования: 100 мм;</li>&#13;
<li>габаритные размеры: ширина 650 мм, длина 580 мм;</li>&#13;
<li>количество зубьев: 20 шт;</li>&#13;
</ul>&#13;
<p>Вес: 12,5 кг.</p>    </div>"
ПД1;Окучник Стрела Универсальный (ПД1);"<div id=""home"" class=""tab-pane fade in active"">
    <p style=""text-align: justify;""><strong>Наименование в прайсе:</strong><em> Підгортач регулюємий «Стріла» (культив. економ), ПД-1</em></p>&#13;
<p style=""text-align: justify;"">Агрегатируется с мотокультиваторами и мотоблоками. Стойка изготовлена из стальной полосы 10 х 40 мм. Диаметр отверстий 12,5 мм, под болт М12. Носок отвала объединён с неподвижной частью лемеха. Этот узел изготовлен из двух стальных пластин толщиной 2 мм, которые соединены между собой сварочным методом. Опорная пластина имеет толщину 4 мм, без регулировок. Максимальная ширина между краями крыльев 420 мм. (Рекомендованная ширина обработки составляет 350 мм.) Высота до верхней кромки крыла отвала 260 мм. Толщина стальной пластины, из которой изготовлены крылья, 2 мм. Регулируемая пятка отсутствует.</p>&#13;
<p style=""text-align: justify;"">Вес изделия 3,9 кг.</p>    </div>"
ПД2;Окучник Стрела 2 регулируемый для мотокультиватора (ПД2);"<div id=""home"" class=""tab-pane fade in active"">
    <p style=""text-align: justify;"">Наименование в прайсе: <em>Підгортач регулюємий «Стріла-2» (мотокультиватор), ПД-2.</em></p>&#13;
<p style=""text-align: justify;"">ПД-2 может использоваться с мотокультиваторами и мотоблоками.</p>&#13;
<p style=""text-align: justify;"">Стойка изготовлена из стальной полосы 10 х 40 х 400 мм. Имеется 6 отверстий диаметром 12,5 мм, под болт М12. Носок отвала изготовлен из изогнутой стальной пластины толщиной 3 мм. Изгиб и усилители с внутренней стороны придают ему необходимую жесткость. Неподвижная часть отвала состоит из двух пластин толщиной 3 мм. Опорная пластина толщиной 4 мм имеет регулировку по высоте. Максимальная ширина между краями крыльев 460 мм. (Рекомендованная ширина обработки 400 мм.) Высота до верхней кромки 270 мм. Толщина крыла отвала 2 мм. Присутствует регулируемая пятка.</p>&#13;
<p style=""text-align: justify;"">Вес изделия 5,3 кг.</p>    </div>"
ПД3;Окучник Стрела 2 регулируемый для мотоблока (ПД3);"<div id=""home"" class=""tab-pane fade in active"">
    <p style=""text-align: justify;"">Наименование в прайсе:<em> Підгортач регулюємий «Стріла-2» (мотоблок), ПД-3.</em></p>&#13;
<p style=""text-align: justify;"">Окучник ПД-3 — это усиленный вариант окучника ПД-2. Он имеет более массивный носик и отбойник. Изделие может использоваться с мотоблоками и мототракторами.</p>&#13;
<p style=""text-align: justify;"">Стойка изготовлена из стальной полосы 10 х 50 х 400 мм. Имеется 6 отверстий диаметром 12,5 мм, под болт М12. Носок отвала изготовлен из изогнутой стальной пластины толщиной 3 мм. Изгиб и усилители с внутренней стороны придают ему необходимую жесткость. Неподвижная часть отвала состоит из двух пластин толщиной 3 мм. Опорная пластина толщиной 4 мм имеет регулировку по высоте. Максимальная ширина между краями крыльев 460 мм. (Рекомендованная ширина обработки 400 мм.) Высота до верхней кромки 270 мм. Толщина крыла отвала 2 мм. Присутствует регулируемая пятка.</p>&#13;
<p style=""text-align: justify;"">Вес изделия 5,8 кг.</p>    </div>"
ПД6;Окучник дисковый d=360 мм регулируемый (универсальный)+ двойная сцепка (ПД6);"<div id=""home"" class=""tab-pane fade in active"">
    <p style=""text-align: justify;"">Наименование в прайсе:<em> Підгортач дисковий Ø360 регулюємий (універсальний) + сцепка подвійна, ПД-6.</em></p>&#13;
<p style=""text-align: justify;"">Окучник может агрегатироваться с мотокультиваторами, мотоблоками и мототракторами. Для подключения необходима регулировочная (одинарная) сцепка.</p>&#13;
<p style=""text-align: justify;"">Изделие состоит из рамы, которая изготовлена из стального профиля 40 х 40 х 2 х 700 мм, двух регулируемых держателей окучников с круглой втулкой и болтовыми соединениями, для регулировки высоты и угла работы, и окучивающих дисков. Диаметр дисков составляет 360 мм, толщина диска 2 мм. Лёгкий ход дисков во время работы обеспечивают два 203-х подшипника. Подшипниковый узел разборный. Для разборки необходимо снять стопорное кольцо.</p>&#13;
<p style=""text-align: justify;"">Вес изделия (комплекта) 10,5 кг.</p>    </div>"
ПД7;Окучник дисковый d=390 мм для мотоблока (комплект из двух дисков) (ПД7);"<div id=""home"" class=""tab-pane fade in active"">
    <p style=""text-align: justify;"">Наименование в прайсе:<em> Підгортач дисковий Ø390 (до мотоблоків), ПД-7.</em></p>&#13;
<p style=""text-align: justify;"">Окучник может агрегатироваться с мотоблоками и мототракторами.</p>&#13;
<p style=""text-align: justify;"">Для работы с данным изделием необходимо иметь одинарную регулировочную и двойную сцепки.</p>&#13;
<p style=""text-align: justify;"">Диаметр диска 390 мм, толщина 3 мм. Установлена пара 205-х подшипников. Окучник имеет короткую круглую стойку — цапфу, а также стойку-переходник (с круглой трубы на полосу). Этот переходной узел имеет болтовое соединение, что дает возможность регулировать рабочий угол окучников. Стойка изготовлена из двух стальных полос 8 х 40 х 450, которые сварены вместе, для большей прочности. Также имеется 6 отверстий диаметром 12,5 мм для регулировки высоты.</p>&#13;
<p style=""text-align: justify;"">Подшипниковый узел разборный. Для разборки необходимо снять стопорное кольцо.</p>&#13;
<p style=""text-align: justify;"">Вес изделия: 12,4 кг.</p>    </div>"
ПД9;Окучник-пропольник d=360 мм (эконом)(ПД9);"<div id=""home"" class=""tab-pane fade in active"">
    <p style=""text-align: justify;""><strong>Наименование в прайсе: </strong><em>Підгортач-пропольник Ø360 (економ), ПД9.</em></p>&#13;
<p style=""text-align: justify;"">Это орудие используется для одновременной прополки и окучивания междурядий. Специальные крепления сцепки дают возможность не только одновременно использовать окучники и плоскорезы, но и регулировать угловое положение окучников.</p>&#13;
<p style=""text-align: justify;"">Плоскорезы двигаются перед окучниками, подрезают и разрыхляют верхний слой почвы. Это облегчает работу окучников и способствует снижению тягового усилия. Возможно использование с мотоблоками с двигателем воздушного и водяного охлаждения. Для агрегатирования с мотоблоком необходима также одинарная (регулировочная) сцепка.</p>&#13;
<p style=""text-align: justify;""><em>Это упрощённый вариант окучника-пропольника, собранного на базе сцепок <a href=""/katalog/stsepki/stsepka-ksr-2"" target=""_blank"" rel=""noopener noreferrer"">«КСР 2»</a>.</em></p>&#13;
<h2>Технические характеристики Окучник-пропольник (эконом) Ø360 мм:</h2>&#13;
<p style=""text-align: justify;"">Изделие состоит из рамы со стального профиля 40×40×2×700 мм и двух регулируемых держателей окучников, которые имеют кронштейны для крепления плоскорезов.</p>&#13;
<p style=""text-align: justify;"">Ширина захвата плоскорезов – 320 мм.</p>&#13;
<p style=""text-align: justify;"">Диаметр дисков окучников – 360 мм.</p>&#13;
<p style=""text-align: justify;"">Стандартная комплектация:</p>&#13;
<ul>&#13;
<li style=""text-align: justify;"">сцепка двойная (эконом) – 1 шт;</li>&#13;
<li style=""text-align: justify;"">окучник дисковый 360 мм – 2 шт;</li>&#13;
<li style=""text-align: justify;"">плоскорез 320 мм – 2 шт;</li>&#13;
<li style=""text-align: justify;"">замок для установки плоскореза и дискового окучника – 2 шт.</li>&#13;
</ul>&#13;
<p>Вес изделия: 16,8 кг.</p>    </div>"
ПД10;Окучник дисковый d=360 мм (к мотоблоку) (ПД10);"<div id=""home"" class=""tab-pane fade in active"">
    <p><strong>Окучник дисковый регулируемый (диаметр 360мм).</strong> Агрегатируется <em>с мотокультиваторами</em> при помощи <a title=""регулировочной и двойной сцепки"" href=""/katalog/stsepki"" target=""_blank"" rel=""noopener noreferrer""><strong>регулировочной</strong> и <strong>двойной сцепки</strong></a> (приобретается отдельно), на подшипниках, регулируемая глубина обработки и угол наклона.</p>&#13;
<ul>&#13;
<li>вес: 11.2 кг</li>&#13;
</ul>    </div>"
ПД11;Окучник-пропольник на базе сцепок КСР-2 (ПД11);"<div id=""home"" class=""tab-pane fade in active"">
    <p style=""text-align: justify;"">Окучник-пропольник - предназначен для обработки междурядий по всходам в период вегетации. Позволяет одновременно пропалывать и окучивать междурядия шириной от 400 до 900 мм.</p>&#13;
<p style=""text-align: justify;""><strong>Комплектуется:</strong></p>&#13;
<ul>&#13;
<li style=""text-align: justify;"">сцепка двойная: 1 шт.;</li>&#13;
<li style=""text-align: justify;"">сцепка КСР-2: 1 комплект;</li>&#13;
<li style=""text-align: justify;"">плоскорез 320: 1 комплект;</li>&#13;
<li style=""text-align: justify;"">дисковый окучник Ф390: 1 комплект.</li>&#13;
</ul>    </div>"
ПД12;Окучник регулируемый ;"<div id=""home"" class=""tab-pane fade in active"">
    <p><strong>Наименование в прайсе:</strong> <em>Підгортач регулюємий «Стріла 3» (посилений), ПД12</em></p>&#13;
<p>Стойка окучника изготовлена из стальной полосы шириной 50 и толщиной 16 мм. Высота рабочей части стойки 200 мм, высота стойки от нижнего края наральника ‒ 51 мм. Для фиксации к раме культиватора стойка имеет 4 отверстия диаметром 12,5 мм.</p>&#13;
<p>Наральник, отвал и крылья изготовлены из листовой стали. При изготовлении применены заготовки толщиной: наральник ‒ 6 мм, отвал ‒ 4 мм, крыло ‒ 4 мм.</p>&#13;
<p>Крылья крепятся к отвалу на болтовые соединения. Ширина захвата окучника регулируется ступенчато: 350 мм, 400 мм, 430 мм.</p>&#13;
<p><strong>Габаритные размеры:</strong></p>&#13;
<ul>&#13;
<li>Ширина, максимум: 430 мм.</li>&#13;
<li>Длина: 400 мм.</li>&#13;
<li>Высота: 510 мм.</li>&#13;
</ul>&#13;
<p>Вес: 6,15 кг.</p>    </div>"
КУ1;Плоскорез П320 (КУ1);"<div id=""home"" class=""tab-pane fade in active"">
    <p style=""text-align: justify;"">Наименование в прайсе:<em> Плоскоріз-320, КУ-1.</em></p>&#13;
<p style=""text-align: justify;"">Плоскорез-320 используют с мотокультиваторами, мотоблоками и мототракторами. Подключение осуществляют при помощи регулировочной (одинарной) и двойной сцепки. Предназначен для безотвального выравнивания и прополки почвы и междурядий овощных культур.</p>&#13;
<p style=""text-align: justify;"">Плоскорез представляет собой сварную конструкцию из двух заточенных ножей (левого и правого) и стойки. Ширина захвата 320 мм. Ножи имеют толщину 5 мм. Стойка изготовлена из стальной полосы 10 х 40 х 500 мм и имеет 5 отверстий для регулировки высоты. Их диаметр 12,5 мм, межцентровое расстояние между отверстиями 40 мм. Стандартная комплектация — пара, но можно приобретать и поштучно.</p>&#13;
<p style=""text-align: justify;"">Вес (пары) 4,8 кг.</p>    </div>"
КУ3;Плоскорез П700 (КУ3);"<div id=""home"" class=""tab-pane fade in active"">
    <p style=""text-align: justify;"">Наименование в прайсе:<em> Плоскоріз-700, КУ-3.</em></p>&#13;
<p style=""text-align: justify;"">Плоскорез П700 используют с мотокультиваторами, мотоблоками и мототракторами. Подключение осуществляют при помощи <a href=""/katalog/stsepki"" target=""_blank"" rel=""noopener noreferrer"">регулировочной (одинарной) сцепки</a>. Предназначен для безотвального выравнивания и прополки почвы и междурядий овощных культур.</p>&#13;
<p style=""text-align: justify;"">Плоскорез представляет собой сварную конструкцию из двух заточенных ножей (левого и правого) и стойки. Ширина захвата 700 мм. Ножи имеют толщину 5 мм. Стойка изготовлена из стальной полосы 10 х 50 х 500 мм и имеет 6 отверстий для регулировки высоты. Их диаметр 12,5 мм, межцентровое расстояние между отверстиями 40 мм. Для обеспечения большей жесткости и надежности конструкции под ножами приварен квадрат 4 х 80 х 80 мм, а на передней части плоскореза — уголок 4 х 30 х 100 мм. Стандартная комплектация — один.</p>&#13;
<p style=""text-align: justify;"">Вес 4,5 кг.</p>    </div>"
КУ4;Плоскорез Тройной (КУ4);"<div id=""home"" class=""tab-pane fade in active"">
    <p style=""text-align: justify;""><strong>Наименование в прайсе:</strong><em> Плоскоріз потрійний, КУ-4.</em></p>&#13;
<p style=""text-align: justify;"">Плоскорез тройной можно использовать с мотоблоками и мототракторами. Подключение осуществляют при помощи тройной сцепки (тройная сцепка приобретается отдельно, также необходима передняя часть сцепки). Предназначен для безотвального выравнивания и прополки почвы и междурядий овощных культур.</p>&#13;
<p style=""text-align: justify;"">Тройной плоскорез представляет собой комплект из одного плоскореза 320 и двух плоскорезов 240 мм.</p>&#13;
<p style=""text-align: justify;"">Плоскорез-320 представляет собой сварную конструкцию из двух заточенных ножей (левого и правого) и стойки. Ширина захвата 320 мм. Ножи имеют толщину 5 мм. Стойка изготовлена из стальной полосы 10 х 40 х 500 мм и имеет 5 отверстий для регулировки высоты. Диаметр отверстий 12,5 мм, межцентровое расстояние между ними 40 мм.</p>&#13;
<p style=""text-align: justify;"">Плоскорез-240 — это сварная конструкция из одного заточенного ножа (левого либо правого) и стойки. Ширина захвата 240 мм. Нож имеет толщину 4 мм и производится из стали марки 45. Стойка изготовлена из стальной полосы 10 х 40 х 500 мм и имеет изогнутую форму, что придает плоскорезу вид «клюшки». Стандартная комплектация — пара, но при необходимости можно приобрести поштучно.</p>&#13;
<p style=""text-align: justify;"">Вес (комплект) 6,8 кг.</p>    </div>"
КУ5;Плоскорез рыхлитель (КУ5);"<div id=""home"" class=""tab-pane fade in active"">
    <p style=""text-align: justify;"">Наименование в прайсе:<em> Плоскоріз-розрихлювач, КУ-5.</em></p>&#13;
<p style=""text-align: justify;"">Плоскорез-рыхлитель можно использовать с мотоблоками и мототракторами. Подключение осуществляют при помощи регулировочной (одинарной) сцепки. При необходимости использования двух плоскорезов-рыхлителей вам также понадобится двойная сцепка. Предназначен для безотвального выравнивания и прополки почвы и междурядий овощных культур и одновременного разбивания грудок.</p>&#13;
<p style=""text-align: justify;"">Плоскорез-рыхлитель представляет собой сварную конструкцию из двух заточенных ножей (левого и правого), стойки и комплекта дисковых боронок. Ширина захвата плоскореза 340 мм. Ножи имеют толщину 4 мм. Стойка изготовлена из стальной полосы 10 х 50 х 450 мм и имеет 6 отверстий для регулировки высоты. Диаметр отверстий 12,5 мм, межцентровое расстояние отверстий 40 мм. Позади плоскореза установлен вал с восьмью дисковыми боронками, по четыре штуки с каждой стороны. Диаметр одного диска составляет 200 мм. Стойка крепления боронок имеет пружинный фиксатор. Стандартная комплектация — один.</p>&#13;
<p style=""text-align: justify;"">Вес 7,8 кг.</p>    </div>"
КУ6;Культиватор Ёжик (КУ6);"<div id=""home"" class=""tab-pane fade in active"">
    <p style=""text-align: justify;""><em>Наименование в прайсе: </em><em>Культиватор «Їжак» (комплект)</em><em>, КУ-6.</em></p>&#13;
<p style=""text-align: justify;"">Культиватор «Ёж» предназначен для довсходовой и послевсходовой обработки грунта (рыхление почвы и ее очистка от сорняков). Может обрабатывать междурядья от 550 мм до 770 мм. Агрегатируется с мототракторами.</p>&#13;
<p style=""text-align: justify;"">Культиватор представляет собой комплект из двух секций и рамы. Секция имеет сварную стойку, состоящую из двух стальных полос 10 х 50 х 500 мм. С обеих сторон стойки, на валы диаметром 30 мм, установлены рыхлящие элементы с шипами. «Ёж» состоит из трех дисков разного диаметра, на каждый из которых приварены шипы (5, 10 и 15 шипов соответственно). Диаметр шипа 12 мм, а толщина кольца 5 мм. Диаметр «Ежа» (по крайним точкам шипов большого кольца) составляет 435 мм, среднего кольца 318 мм, маленького кольца 225 мм. Ширина культиватора «Ёж» 536 мм (по крайним точкам шипов).</p>&#13;
<p style=""text-align: justify;"">Плавная работа культиватора обеспечивается благодаря установленной паре 205-х подшипников.</p>&#13;
<p style=""text-align: justify;"">Рама изготовлена из профильной трубы 60 х 30 мм, стенка 3 мм. Длина рамы 1000 мм. По центру имеется поперечина из профильной трубы 60 х 30 мм, стенка 3 мм, длина 400 мм. К поперечине приварена передняя часть сцепки типа Zirka-61, которая является стандартной для мототракторов. Рама имеет два специальных замка для установки секций культиватора. Замки на болтовом соединении дают возможность регулировать высоту и ширину между секциями культиватора.</p>&#13;
<p style=""text-align: justify;"">Культиватор «Ёж» не предназначен для работы на малой скорости.</p>&#13;
<p style=""text-align: justify;"">Стандартная комплектация: рама — 1 шт., секция — 2 шт. Возможно также приобретение секций по отдельности.</p>&#13;
<p style=""text-align: justify;"">Вес комплекта: 50,43 кг.</p>&#13;
<p style=""text-align: justify;"">Вес секции: 20,5 кг.</p>    </div>"
КУ7;Культиватор Ёжик (секция) (КУ7);"<div id=""home"" class=""tab-pane fade in active"">
    <p><em>Наименование в прайсе: </em><em>Культиватор «Їжак» (</em><em>секція), КУ-7.</em></p>&#13;
<p>Культиватор «Ёж» предназначен для довсходовой и послевсходовой обработки грунта (рыхление почвы и ее очистка от сорняков). Агрегатируется с мототракторами.</p>&#13;
<p>Секция имеет сварную стойку из двух стальных полос 10 х 50 мм. Высота 500 мм. С обеих сторон стойки, на валы (диаметр вала 30 мм), установлены рыхлящие элементы с шипами. «Ёж» состоит из трех дисков разного диаметра, на каждый из которых приварены шипы (5, 10 и 15 шипов соответственно). Диаметр шипа 12 мм, а толщина кольца 5 мм. Диаметр «Ежа» (по крайним точкам шипов большого кольца) составляет 435 мм, среднего кольца 318 мм, маленького кольца 225 мм. Ширина культиватора «Ёж», при измерении по крайним точкам, 536 мм.</p>&#13;
<p>Плавная работа культиватора обеспечивается благодаря установленной паре 205-х подшипников.</p>&#13;
<p>Для работы с культиватором понадобится сцепка.</p>&#13;
<p>Культиватор «Ёж» не предназначен для работы на малой скорости.</p>&#13;
<p>Вес секции 20,5 кг</p>    </div>"
КУ8;Пропольник 2-рядный с оп колесами (КУ8);"<div id=""home"" class=""tab-pane fade in active"">
    <p style=""text-align: justify;"">Наименование в прайсе:<em> Плоскоріз 2-рядний (з оп. колесами), КУ-8.</em></p>&#13;
<p style=""text-align: justify;"">Широкорядный плоскорез предназначен как для предпосадочной обработки почвы, так и для обработки в период вегетации. Его можно агрегатировать с мотоблоками водяного охлаждения и мототракторами.</p>&#13;
<p style=""text-align: justify;"">Широкорядный плоскорез представляет собой некий вариант двух тройных плоскорезов, специальных замков для них, рамы и колес (возможна также комплектация без колес). Присоединение осуществляется при помощи прицепного узла. Конструкция прицепного сварная.</p>&#13;
<p style=""text-align: justify;"">Плоскорез-320 представляет собой сварную конструкцию из двух заточенных ножей (левого и правого) и стойки. Ширина захвата 320 мм. Ножи имеют толщину 5 мм. Стойка изготовлена из стальной полосы 10 х 40 х 500 мм и имеет 5 отверстий для регулировки высоты. Диаметр отверстий 12,5 мм, межцентровое расстояние между ними 40 мм. Стандартная комплектация — пара, но при необходимости можно приобрести и поштучно.</p>&#13;
<p style=""text-align: justify;"">Плоскорез 240 — это сварная конструкция из одного заточенного ножа (левого либо правого) и стойки. Ширина захвата 240 мм. Нож имеет толщину 4 мм и производится из стали марки 45. Стойка изготовлена из стальной полосы 10 х 40 х 500 мм и имеет изогнутую форму, что придает плоскорезу вид «клюшки». Стандартная комплектация — пара, но при необходимости можно приобрести поштучно.</p>&#13;
<p style=""text-align: justify;"">Рама имеет ширину 1600 мм, выполнена из профильной трубы 40 х 40 х 4. В комплект входит два плоскореза 320 и четыре плоскореза 240 мм, а также специальные замки для них. Широкорядный плоскорез имеет опорные колеса с возможностью регулировки высоты. Диаметр колеса составляет 240 мм.</p>&#13;
<p style=""text-align: justify;"">Вес 38,85 кг.</p>    </div>"
КУ9;Пропольник 2-рядный без оп колес (КУ9);"<div id=""home"" class=""tab-pane fade in active"">
    <p style=""text-align: justify;"">Наименование в прайсе:<em> Плоскоріз 2-рядний (без оп. коліс), КУ-9.</em></p>&#13;
<p style=""text-align: justify;"">Широкорядный плоскорез предназначен как для предпосадочной обработки почвы, так и для обработки в период вегетации. Может агрегатироваться с мотоблоками водяного охлаждения и мототракторами.</p>&#13;
<p style=""text-align: justify;"">Широкорядный плоскорез представляет собой некий вариант двух тройных плоскорезов, специальных замков для них и рамы (возможна также комплектация с колесами). Присоединение осуществляется при помощи прицепного узла. Конструкция прицепного сварная.</p>&#13;
<p style=""text-align: justify;"">Плоскорез-320 представляет собой сварную конструкцию из двух заточенных ножей (левого и правого) и стойки. Ширина захвата 320 мм. Ножи имеют толщину 5 мм. Стойка изготовлена из стальной полосы 10 х 40 х 500 мм и имеет 5 отверстий для регулировки высоты. Диаметр отверстий 12,5 мм, межцентровое расстояние между ними 40 мм. Стандартная комплектация — пара, но при необходимости можно приобрести и поштучно.</p>&#13;
<p style=""text-align: justify;"">Плоскорез-240 — это сварная конструкция из одного заточенного ножа (левого либо правого) и стойки. Ширина захвата 240 мм. Нож имеет толщину 4 мм и производится из стали марки 45. Стойка изготовлена из стальной полосы 10 х 40 х 500 мм и имеет изогнутую форму, что придает плоскорезу вид «клюшки». Стандартная комплектация — пара, но при необходимости можно приобрести поштучно.</p>&#13;
<p style=""text-align: justify;"">Рама имеет ширину 1600 мм и выполнена из профильной трубы 40 х 40 х 4. В комплект входит два плоскореза 320 и четыре плоскореза 240 мм, а также специальные замки для них.</p>&#13;
<p style=""text-align: justify;"">Вес 34,47 кг.</p>    </div>"
КУ10;Культиватор Ёжик-облегченный комплект (КУ10);"<div id=""home"" class=""tab-pane fade in active"">
    <p><em>Наименование в прайсе: </em><em>Культиватор «Їжак» (полегшений)</em><em>, КУ-</em><em>10</em><em>.</em></p>&#13;
<p>Культиватор «Ёж» предназначен для довсходовой и послевсходовой обработки грунта (рыхление почвы и ее очистка от сорняков). Агрегатируется с мотоблоками и мототракторами.</p>&#13;
<p>Культиватор представляет собой комплект, состоящий из двух секций. Секция имеет стойку, изготовленную из профильной трубы 50 х 25 мм, толщина стенки 2 мм, высота стойки 500 мм. С одной стороны стойки на вал диаметром 30 мм установлен рыхлящий элемент с шипами. «Ёж» состоит из трех дисков разного диаметра, на каждый из которых приварены шипы (5, 10 и 15 соответственно). Диаметр шипа составляет 12 мм, а толщина кольца 5 мм. Диаметр «Ежа», по крайним точкам шипов большого кольца, 430 мм, среднего кольца 318 мм, маленького кольца 225 мм. Ширина культиватора «Ёж», по крайним точкам, составляет 285 мм.</p>&#13;
<p> Плавная работа культиватора обеспечивается благодаря установленной паре 205-х подшипников.</p>&#13;
<p>Для работы с культиватором понадобится регулировочная (одинарная) и двойная универсальная сцепки. Культиватор «Ёж» не предназначен для работы на малой скорости.</p>&#13;
<p>Стандартная комплектация: секция – 2 шт.</p>&#13;
<p>Вес комплекта 15,9 кг.</p>    </div>"
КУ11;Культиватор 4х рядный (КУ11);"<div id=""home"" class=""tab-pane fade in active"">
    <p style=""text-align: justify;""><strong>Наименование в прайсе: </strong>Універсальний міжрядний культиватор (причіпне 3 точка)<em>, КУ11.</em></p>&#13;
<p style=""text-align: justify;"">Универсальный культиватор предназначен для обработки междурядий различных культур. Может агрегатироваться с минитракторами типа Т-25.</p>&#13;
<p style=""text-align: justify;"">В стандартной комплектации культиватор представляет собой орудие, состоящее из 5 секций (тележек), плоскорезов и рамы с прицепным. Предусматривает одновременную обработку четырех междурядий.</p>&#13;
<p style=""text-align: justify;"">Рама культиватора изготовлена из профильной трубы сечением<br> 50 × 50 мм, толщина стенки 3 мм. Длина 2000 мм.</p>&#13;
<p style=""text-align: justify;"">Тележки и прицепное устройство крепятся на раму при помощи хомутов на болтовом соединении. Местоположение тележек и прицепного узла на раме можно отрегулировать согласно вашим потребностям.</p>&#13;
<p style=""text-align: justify;"">Тележка культиватора имеет обрезиненное опорное колесо, установленную пружину (для копирования рельефа, каждая тележка независима друг от друга) и хомуты для крепления плоскорезов. По центру предусмотрено два крепления для установки плоскореза со стойкой 10 × 40 мм (сзади) и 10 × 50 мм (спереди). По бокам имеются крепления для установки замков боковых плоскорезов. Эти плоскорезы изготовлены из стали марки 45, имеют толщину 3 мм и комплектуются попарно (зеркальные). Центральный плоскорез имеет ширину захвата 180 мм.</p>&#13;
<p style=""text-align: justify;"">Прицепное устройство имеет трехточечное крепление с двусторонними пальцами, диаметр которых составляет 22 и 27 мм соответственно. В верхней точке крепления прицепного узла также имеются два крепежных отверстия. Такая конструкция позволяет агрегатировать данный культиватор с минитракторами типа Т-25, а также тракторами типа Т-40. Рамка трехточечного прицепного устройства культиватора изготовлена из прочной стальной полосы 50 × 8 мм и имеет дополнительные усилители, которые обеспечивают необходимую надежность конструкции.</p>&#13;
<p style=""text-align: justify;"">Преимуществом данного культиватора является возможность установки любого набора плоскорезов либо культиваторов, в зависимости от ваших задач. Это обеспечивает ширину обработки междурядий в пределах 220-450 мм.</p>&#13;
<p style=""text-align: justify;""><strong>Стандартная комплектация:</strong></p>&#13;
<ul>&#13;
<li style=""text-align: justify;"">рама – 1 шт;</li>&#13;
<li style=""text-align: justify;"">тележка – 5шт;</li>&#13;
<li style=""text-align: justify;"">набор плоскорезов (центральный – 180 мм – 1шт, боковые (зеркальные) – 2 шт.) – 5 шт;</li>&#13;
<li style=""text-align: justify;"">прицепное устройство – 1 шт.</li>&#13;
</ul>&#13;
<p style=""text-align: justify;"">Возможно также приобретение секций по отдельности, либо комплектация другими наборами плоскорезов и культиваторов.</p>&#13;
<p style=""text-align: justify;"">Вес комплекта: 101,1 кг.</p>    </div>"
КУ12;Мульчер для мотоблока заднее подключение (КУ12);"<div id=""home"" class=""tab-pane fade in active"">
    <p><strong>Наименование в прайсе:</strong> <em>""мульчер (заднього підключення), КУ12"".</em></p>&#13;
<p>Мульчер используют для измельчения растений, поросли, пожнивных остатков и т.д. Устройство может агрегатироваться с мотоблоками водяного охлаждения от 10 л.с.</p>&#13;
<p>Устройство приводится в действие с помощью ременной передачи. Есть две модификации: с передним и задним подключением.</p>&#13;
<h2>Конструкция</h2>&#13;
<p>Основные элементы мульчера:</p>&#13;
<ul>&#13;
<li>Корпус с прицепным устройством и защитным кожухом.</li>&#13;
<li>Прицепное устройство.</li>&#13;
<li>Вал мульчера с ножами.</li>&#13;
<li>Редуктор.</li>&#13;
<li>Система натяжителей и цепной передачи вращения.</li>&#13;
<li>Опорное колесо.</li>&#13;
</ul>&#13;
<p>Корпус мульчера изготовлен из профильной трубы, сечение — 40х20х2 мм, двух уголков — 32х32х3 мм, а также кожуха и боковых стенок из листовой стали, толщиной два мм и четыре мм соответственно.</p>&#13;
<p>Прицепное устройство универсальное, подходит для мотоблоков с двигателем водяного охлаждения и мототракторов на базе КИТ-набора. Присоединяется, в рабочем положении, к передней балке.</p>&#13;
<p>Чтобы передать вращение от шкива на вал мульчера разработан специальный редуктор с установленными шестернями оригинальной разработки. Передача крутящего момента осуществляется с помощью цепной передачи и системы звездочек. Есть натяжитель цепи.</p>&#13;
<p>Натяжение ремня регулируется с помощью смещения редуктора (в креплении для установки редуктора есть специальные пазы).</p>&#13;
<p>Вал мульчера изготовлен из стальной трубы диаметром 50 мм, длиной — 880 мм. К валу, со смещением, приварены крепления для установки ножей. Они попарно устанавливаются в соответствующие крепления.</p>&#13;
<p>Всего на вал мульчера установлены 36 ножей. Они изготовлены из конструкционной стали марки 45, и имеют заточенную кромку. Толщина ножа составляет четыре мм. Также детали проходят дополнительную термическую обработку. Плавную работу всех валов обеспечивают установленные подшипники.</p>&#13;
<p>В агрегата есть специальное опорное колесо с регулировкой положения и высоты.</p>&#13;
<h2><strong>Принцип работы</strong></h2>&#13;
<p>Крутящий момент от маховика двигателя мотоблока или мототрактора с помощью ременной передачи передается на шкив редуктора, который приводит в действие вал. На противоположной стороне вала редуктора установлена звездочка. Вращение передается на вал мульчера через цепную передачу.</p>&#13;
<p><strong>Стандартная комплектация:</strong></p>&#13;
<ul>&#13;
<li>Мульчер в сборе с транспортировочным колесом. Ремень в комплектацию не входит.</li>&#13;
<li>Габаритные размеры:</li>&#13;
<li>Высота — 544 мм.</li>&#13;
<li>Ширина — 1070 мм.</li>&#13;
<li>Длина — 450 мм (без прицепного и опорного колеса).</li>&#13;
<li>Вес — 73,2 кг</li>&#13;
</ul>    </div>"
КУ13;Мульчер для мотоблока переднее подключение (КУ13);"<div id=""home"" class=""tab-pane fade in active"">
    <p><strong>Наименование в прайсе: </strong><em>Мульчер (переднього підключення) КУ13.</em></p>&#13;
<p>Мульчер используют для измельчения растений, поросли, пожнивных остатков и т.д. Устройство может агрегатироваться с мотоблоками водяного охлаждения от 10 л.с., а также с мототракторами (с теми, которые на базе водяного мотоблока с использованием комплекта переоборудования – КИТ-набора).</p>&#13;
<p>Устройство приводится в действие с помощью ременной передачи. Есть две модификации: с передним и задним подключением.</p>&#13;
<p><strong>Конструкция</strong></p>&#13;
<p><strong>Основные элементы мульчера:</strong></p>&#13;
<ul>&#13;
<li>Корпус с прицепным устройством и защитным кожухом.</li>&#13;
<li>Прицепное устройство.</li>&#13;
<li>Вал мульчера с ножами.</li>&#13;
<li>Редуктор.</li>&#13;
<li>Система натяжителей и цепной передачи вращения.</li>&#13;
<li>Опорное колесо.</li>&#13;
</ul>&#13;
<p>​Корпус мульчера изготовлен из профильной трубы, сечение — 40х20х2 мм, двух уголков — 32х32х3 мм, а также кожуха и боковых стенок из листовой стали, толщиной два мм и четыре мм соответственно.</p>&#13;
<p>Прицепное устройство универсальное, подходит для мотоблоков с двигателем водяного охлаждения и мототракторов на базе КИТ-набора. Присоединяется, в рабочем положении, к передней балке.</p>&#13;
<p>Чтобы передать вращение от шкива на вал мульчера разработан специальный редуктор с установленными шестернями оригинальной разработки. Передача крутящего момента осуществляется с помощью цепной передачи и системы звездочек. Есть натяжитель цепи.</p>&#13;
<p>Натяжение ремня регулируется с помощью смещения редуктора (в креплении для установки редуктора есть специальные пазы).</p>&#13;
<p>Вал мульчера изготовлен из стальной трубы диаметром 50 мм, длиной — 880 мм. К валу, со смещением, приварены крепления для установки ножей. Они попарно устанавливаются в соответствующие крепления.</p>&#13;
<p>Всего на вал мульчера установлены 36 ножей. Они изготовлены из конструкционной стали марки 45, и имеют заточенную кромку. Толщина ножа составляет четыре мм. Также детали проходят дополнительную термическую обработку. Плавную работу всех валов обеспечивают установленные подшипники.</p>&#13;
<p>В агрегата есть специальное опорное колесо с регулировкой положения и высоты.</p>&#13;
<p><strong>Принцип работы</strong></p>&#13;
<p>Крутящий момент от маховика двигателя мотоблока или мототрактора с помощью ременной передачи передается на шкив редуктора, который приводит в действие вал. На противоположной стороне вала редуктора установлена звездочка. Вращение передается на вал мульчера через цепную передачу.</p>&#13;
<p><strong>Стандартная комплектация:</strong></p>&#13;
<p>Мульчер в сборе с транспортировочным колесом. Ремень в комплектацию не входит.</p>&#13;
<ul>&#13;
<li>Габаритные размеры:</li>&#13;
<li>Высота — 544 мм.</li>&#13;
<li>Ширина — 1070 мм.</li>&#13;
<li>Длина — 450 мм (без прицепного и опорного колеса).</li>&#13;
<li>Вес — 73,2 кг</li>&#13;
</ul>    </div>"
КУ14;Универсальный междурядный культиватор (прицепное 1 точка)(КУ14);"<div id=""home"" class=""tab-pane fade in active"">
    <p><strong>Наименование в прайсе:</strong><em> Універсальний міжрядний культиватор (причіпне 1 точка)</em><em>, КУ1</em><em>4</em><em>.</em></p>&#13;
<p>Назначение универсального культиватора КУ14 – обработка междурядий различных культур. Он оснащен одноточечным прицепным узлом, что позволяет агрегатировать его с мототракторами (оснащенными гидравликой).</p>&#13;
<p>В стандартной комплектации культиватор представляет собой орудие, состоящее из 5 секций (тележек), плоскорезов и рамы с прицепным. Предусматривает одновременную обработку четырех междурядий.</p>&#13;
<p>Рама культиватора изготовлена из профильной трубы сечением 50 × 50 мм, толщина стенки составляет 3 мм. Длина – 2000 мм.</p>&#13;
<p>Тележки и прицепное устройство крепятся на раму при помощи хомутов на болтовом соединении. Местоположение тележек и прицепного узла на раме можно отрегулировать согласно с вашими потребностями.</p>&#13;
<p>Тележка культиватора имеет обрезиненное опорное колесо, установленную пружину (для копирования рельефа, каждая тележка независима друг от друга) и хомуты для крепления плоскорезов. По центру предусмотрено два крепления для установки плоскореза со стойкой 10 × 40 мм (сзади) и 10 × 50 мм (спереди). По бокам имеются крепления для установки замков боковых плоскорезов. Эти плоскорезы изготовлены из стали марки 45, имеют толщину 3 мм и комплектуются попарно (зеркальные). Центральный плоскорез имеет ширину захвата 180 мм.</p>&#13;
<p>Прицепное устройство имеет стандартное крепление с передней частью сцепки Zirka-61, стандартной для мототракторов, а также талреп для регулировки угла атаки. При необходимости использования одной из тележек строго по центру можно соединить хомут крепления талрепа (верх) с хомутом крепления тележки (низ).</p>&#13;
<p>Преимуществом данного культиватора является возможность установки любого набора плоскорезов либо культиваторов, в зависимости от ваших задач. Это обеспечит ширину обработки междурядий в пределах 220-450 мм.</p>&#13;
<p><strong>Стандартная комплектация:</strong></p>&#13;
<ul>&#13;
<li>рама – 1 шт;</li>&#13;
<li>тележка – 5шт;</li>&#13;
<li>набор плоскорезов (центральный – 180 мм – 1шт, боковые (зеркальные) – 2 шт.) – 5 шт;</li>&#13;
<li>прицепное устройство – 1 шт.</li>&#13;
</ul>&#13;
<p>Возможно также приобретение секций по отдельности, либо комплектация другими наборами плоскорезов и культиваторов.</p>&#13;
<p>Вес комплекта – 104,5 кг.</p>    </div>"
КУ16;Культиватор универсальный междурядный 3-х секционный (КУ16);"<div id=""home"" class=""tab-pane fade in active"">
    <p><strong>Наименование в прайсе: </strong><em>Культиватор універсальний міжрядний 3-секційний (причіпне 1 точка), базова комплектація L=2000 мм</em><em>, КУ16.</em></p>&#13;
<p>Назначение универсального культиватора КУ16 – обработка междурядий различных культур. Он оснащен одноточечным прицепным устройством, что позволяет агрегатировать его с мототракторами (оснащены гидравликой).</p>&#13;
<p>В базовой комплектации культиватор представляет собой орудие, состоящее из 3 секций (тележек) с креплениями для установки плоскорезов и рамы с прицепным. Предусматривает одновременную обработку трех междурядий.</p>&#13;
<p>Рама культиватора изготовлена из профильной трубы сечением 50 × 50 мм, толщина стенки – 3 мм. Длина составляет 2000 мм.</p>&#13;
<p>Тележки и прицепное устройство крепятся на раму при помощи хомутов на болтовом соединении. Местоположение тележек и прицепного узла на раме можно отрегулировать согласно с вашими потребностями.</p>&#13;
<p>Тележка культиватора имеет обрезиненное опорное колесо, установленную пружину (для копирования рельефа, каждая тележка независима друг от друга) и хомуты для крепления плоскорезов. По центру предусмотрено два крепления для установки плоскореза со стойкой 10 × 40 мм (сзади) и 10 × 50 мм (спереди). По бокам имеются крепления для установки замков боковых плоскорезов.</p>&#13;
<p>Прицепное устройство имеет стандартное крепление с передней частью сцепки Zirka-61, а также талреп для регулировки угла атаки. При необходимости использования одной из тележек строго по центру можно соединить хомут крепления талрепа (верх) с хомутом крепления тележки (низ).</p>&#13;
<p>Преимуществом данного культиватора является тот факт, что вы можете установить любой набор плоскорезов либо культиваторов, в зависимости от ваших задач. Тем самым обеспечив ширину обработки междурядий в пределах 220-450 мм.</p>&#13;
<p><strong>Базовая комплектация:</strong></p>&#13;
<ul>&#13;
<li>рама – 1 шт.;</li>&#13;
<li>тележка – 3 шт.;</li>&#13;
<li>прицепное устройство – 1 шт.</li>&#13;
</ul>&#13;
<p>Возможно также приобретение секций по отдельности.</p>&#13;
<p>Вес комплекта – 57,6 кг.</p>    </div>"
КУ17;Культиватор универсальный междурядный 3-х секционный (с плоскорезами)(КУ17);"<div id=""home"" class=""tab-pane fade in active"">
    <p><strong>Наименование в прайсе:</strong><em> Культиватор універсальний міжрядний 3-секційний (причіпне 1 точка), стандартна комплектація (із плоскорізами) L=2000 мм</em><em>, КУ1</em><em>7</em><em>.</em></p>&#13;
<p>Назначение универсального культиватора КУ17 – обработка междурядий различных культур. Он оснащен одноточечным прицепным узлом, что позволяет агрегатировать его с мототракторами (оснащены гидравликой).</p>&#13;
<p>В стандартной комплектации культиватор представляет собой орудие, состоящее из 3 секций (тележек), плоскорезов и рамы с прицепным. Предусматривает одновременную обработку трех междурядий.</p>&#13;
<p>Рама культиватора изготовлена из профильной трубы сечением 50 × 50 мм, толщина стенки – 3 мм. Длина – 2000 мм.</p>&#13;
<p>Тележки и прицепное устройство крепятся на раму при помощи хомутов на болтовом соединении. Местоположение тележек и прицепного узла на раме можно отрегулировать согласно с вашими потребностями.</p>&#13;
<p>Тележка культиватора имеет обрезиненное опорное колесо, установленную пружину (для копирования рельефа, каждая тележка независима друг от друга) и хомуты для крепления плоскорезов. По центру предусмотрено два крепления для установки плоскореза со стойкой 10 × 40 мм (сзади) и 10 × 50 мм (спереди). По бокам имеются крепления для установки замков боковых плоскорезов. Эти плоскорезы изготовлены из стали марки 45, имеют толщину 3 мм и комплектуются попарно (зеркальные). Центральный плоскорез имеет ширину захвата 180 мм.</p>&#13;
<p>Прицепное устройство имеет стандартное крепление с передней частью сцепки Zirka-61, а также талреп для регулировки угла атаки. При необходимости использования одной из тележек строго по центру можно соединить хомут крепления талрепа (верх) с хомутом крепления тележки (низ).</p>&#13;
<p>Преимуществом данного культиватора является возможность установки любого набора плоскорезов либо культиваторов, в зависимости от ваших задач. Что обеспечит ширину обработки междурядий в пределах 220-450 мм.</p>&#13;
<p><strong>Стандартная комплектация:</strong></p>&#13;
<ul>&#13;
<li>рама – 1 шт.;</li>&#13;
<li>тележка – 3 шт.;</li>&#13;
<li>набор плоскорезов (центральный – 180 мм – 1 шт., боковые (зеркальные) – 2 шт.) – 3 шт.;</li>&#13;
<li>прицепное устройство – 1 шт.</li>&#13;
</ul>&#13;
<p>Возможно также приобретение секций по отдельности, либо комплектация другими наборами плоскорезов и культиваторов.</p>&#13;
<p>Вес комплекта – 70 кг.</p>    </div>"
КУ18;Культиватор универсальный междурядную 5-секционный (прицепное 3 точки) базовая комплектакция L = 2000 мм (КУ18);"<div id=""home"" class=""tab-pane fade in active"">
    <p><strong>Наименование в прайсе:</strong><em> Культиватор універсальний міжрядний 5-секційний (причіпне 3 точки) базова комплектація L=2000 мм</em><em>, КУ18.</em></p>&#13;
<p>Универсальный культиватор предназначен для обработки междурядий различных сельскохозяйственных культур. Культиватор может агрегатироваться с минитракторами типа Т-25, Т-40 и подобными им моделями, оснащёнными трёхточечной навесной системой.</p>&#13;
<p>В базовой комплектации культиватор для минитрактора представляет собой орудие, состоящее из 5 секций-тележек, с креплениями для установки инструментов и рамы с прицепным узлом. Комплектация пятью секциями позволяет одновременно обрабатывать пять междурядьев или четыре рядка.</p>&#13;
<p>Рама культиватора изготовлена из профильной трубы сечением 50 × 50 мм, толщина стенки 3 мм. Длина рамы – 2000 мм. На раму установлены кронштейны, которые позволяют при эксплуатации дооснастить культиватор системой для внесения жидких удобрений.</p>&#13;
<p>Прицепной узел закреплён на раму при помощи сварочного соединения. Он имеет трехточечное крепление с двухсторонними пальцами, диаметр которых 22 и 27 мм соответственно. В верхней точке крепления прицепного узла также имеются два крепежных отверстия. Такая конструкция позволяет агрегатировать данный культиватор с минитракторами типа Т-25, а также тракторами типа Т-40. Рамка трехточечного прицепного устройства культиватора изготовлена из стальной полосы 50 × 8 мм и имеет дополнительные усилители, которые обеспечивают необходимую жесткость всей конструкции.</p>&#13;
<p>Тележки крепятся к раме на хомуты. Для крепления инструментов на тележке предусмотрены специальные крепёжные узлы. Это позволяет производить настройку ширины междурядий для обработки различных культур. Смещение секций на раме и регулировка положения инструментов на секции позволяют изменять ширину обработки междурядий в пределах 220-450 мм. Каждая тележка культиватора имеет обрезиненное опорное колесо и рычажную систему с пружиной. Это необходимо для копирования рельефа и независимой работы каждой секции.</p>&#13;
<p>Преимуществом культиватора для минитрактора в базовой комплектации является возможность установки любого набора орудий, в зависимости от задач каждого конкретного хозяйства.</p>&#13;
<p>В комплект культиватора для минитрактора в базовой комплектации входят следующие узлы:</p>&#13;
<ul>&#13;
<li>рама с прицепным узлом и кронштейнами для дозатора удобрений – 1 шт.;</li>&#13;
<li>тележка – 5 шт.</li>&#13;
</ul>&#13;
<p>Возможно также приобретение дополнительных секций.</p>&#13;
<p>Вес базового комплекта – 79,5 кг</p>    </div>"
КУ19;Культиватор Ёж эконом (комплект) (КУ19);"<div id=""home"" class=""tab-pane fade in active"">
    <p><strong>Наименование в прайсе:</strong> <em>Культиватор «Їжак» економ (комплект), КУ19.</em></p>&#13;
<p>Культиватор «Ёж» эконом, КУ19 относится к группе ротационных борон. Разработан для агрегатирования с мототракторами и мотоблоками с шириной колеи 600 – 700 мм. Ширина культиватора «Ёж» эконом по крайним точкам шипов – 530 мм. За один проход культиватор обрабатывает два междурядья. Расчетная ширина междурядий – от 550 мм до 770 мм.</p>&#13;
<p>Культиватор «Еж» не предназначен для работы на малой скорости!</p>&#13;
<p>Культиватор показал высокую производительность при обработке междурядий картофеля, выращиваемого на тяжелых и средней тяжести почвах. Эффективность обработки на легких почвах снижается. Кроме этого, культиватор может быть использован для довсходовой и послевсходовой обработки почвы.</p>&#13;
<p>В комплект входят две рабочие секции и рама с прицепным узлом. Секция состоит из стойки, изготовленной из стальной полосы (ширина – 50 мм, толщина – 10 мм, длина – 500 мм) и двух ротируемых рабочих органов конусообразной формы. На края роторов приварены шипы. Диаметр оси – 22 мм, шипа – 10 мм. Плавное вращение роторов обеспечивает пара подшипников (204).</p>&#13;
<p>Рама культиватора изготовлена из стального профиля, сечением 60х30 мм. Толщина стенки — 3 мм. Длина рамы – 1000 мм. Прицепной узел типа Zirka-61 крепится к раме через кронштейн, изготовленный из стального профиля 60х30 мм, толщина стенки – 3 мм, длина – 400 мм. Рама оснащена двумя специальными замками для установки секций культиватора. Замки позволяют регулировать положение секций культиватора по высоте и ширине.</p>&#13;
<p><strong>Стандартная комплектация:</strong> рама – 1 шт, секция – 2 шт.</p>&#13;
<p><strong>Габаритные размеры секции:</strong></p>&#13;
<ul>&#13;
<li>Высота – 660 мм;</li>&#13;
<li>Ширина – 530 мм;</li>&#13;
<li>Длина – 450 мм;</li>&#13;
<li>Вес комплекта: 44,1 кг;</li>&#13;
<li>Вес секции: 16,8 кг.</li>&#13;
</ul>&#13;
<p>Рекомендуем обратить внимание на <span style=""text-decoration: underline;""><span style=""color: #0000ff;""><a style=""color: #0000ff; text-decoration: underline;"" href=""/katalog/kultivator/kultivator-ezh-ekonom-sektsiya-ku20"" target=""_blank"" rel=""noopener noreferrer"">КУЛЬТИВАТОР ЁЖ ЭКОНОМ (СЕКЦИЯ), КУ20.</a></span></span></p>    </div>"
КУ20;Культиватор Еж эконом (секция) (КУ20);"<div id=""home"" class=""tab-pane fade in active"">
    <p><strong>Наименование в прайсе:</strong> <em>Культиватор «Їжак» економ (секція), КУ20.</em></p>&#13;
<p>Культиватор «Ёж» эконом, КУ20 разработан для агрегатирования с мототракторами и мотоблоками с адаптером. Агрегатирование осуществляется при помощи двойной или тройной сцепки. Ширина культиватора «Ёж» эконом по крайним точкам шипов – 530 мм. Расчетная ширина междурядий – от 550 мм до 770 мм. Данная модель представляет собой облегченную модификацию <span style=""text-decoration: underline; color: #0000ff;""><a style=""color: #0000ff; text-decoration: underline;"" href=""/katalog/kultivator/kultivator-jozhik-sektsiya-ku7"" target=""_blank"" rel=""noopener noreferrer"">тяжелого культиватора «Еж», КУ7</a></span>.</p>&#13;
<p>При работе на малой скорости эффективность работы культиватора «Ёж» снижается!</p>&#13;
<p>Культиватор показал высокую производительность при обработке междурядий картофеля, выращиваемого на тяжелых и средней тяжести почвах. Эффективность обработки на легких почвах снижается. Кроме этого, культиватор может быть использован для довсходовой и послевсходовой обработки почвы.</p>&#13;
<p>Секция состоит из стойки, изготовленной из стальной полосы (ширина – 50 мм, толщина – 10 мм, длина – 500 мм) и двух ротируемых рабочих органов конусообразной формы. На края роторов приварены шипы. Диаметр оси – 22 мм, шипа – 10 мм. Плавное вращение роторов обеспечивает пара подшипников (204).</p>&#13;
<p><strong>Габаритные размеры секции:</strong></p>&#13;
<ul>&#13;
<li>Высота – 660 мм;</li>&#13;
<li>Ширина – 530 мм;</li>&#13;
<li>Длина – 450 мм.</li>&#13;
<li>Вес секции: 16,8 кг.</li>&#13;
</ul>&#13;
<p>Обратите внимание на <span style=""text-decoration: underline; color: #0000ff;""><a style=""color: #0000ff; text-decoration: underline;"" href=""/katalog/kultivator/kultivator-ezh-ekonom-komplekt-ku19"" target=""_blank"" rel=""noopener noreferrer"">КУЛЬТИВАТОР ЁЖ ЭКОНОМ (КОМПЛЕКТ) (КУ19).</a></span></p>    </div>"
КУ21;Культиватор сплошной обработки (прицепное 1 точка) (КУ21);"<div id=""home"" class=""tab-pane fade in active"">
    <p><strong>Наименование в прайсе:</strong> <em>Культиватор суцільного обробітку (причіпне 1 точка), КУ21.</em></p>&#13;
<p>Универсальный культиватор сплошной обработки КУ21 предназначен для агрегатирования с мототракторами, оснащенными одноточечным прицепным устройством. Ширина обработки – 130 см.</p>&#13;
<p>Для обеспечения возможности агрегатирования к мототракторам с различными диаметрами колес, прицепное устройство культиватора имеет опцию регулировки высоты положения. Положение рамы в горизонтальной плоскости регулируется с помощью специальной тяги на прицепном узле. Регулировка угла атаки настраивается при помощи креплений на замковых креплениях орудий.</p>&#13;
<p><strong>Конструкция культиватора</strong></p>&#13;
<p>Культиватор сплошной обработки для мототрактора, модель КУ21, состоит из:</p>&#13;
<ul>&#13;
<li>рамы с двумя поперечными распорками, на которых в шахматном порядке установлено 5 плоскорезов: два – спереди и три – сзади;</li>&#13;
<li>прицепного узла;</li>&#13;
<li>барабана-грунтобоя.</li>&#13;
</ul>&#13;
<p>Рама культиватора изготовлена из стального профиля, сечением 40х40 мм, толщина стенки – 3 мм. Плоскорезы с шириной захвата 280 мм изготовлены из конструкционной стали марки 45, установлены на подвижных, регулируемых замках, что дает возможность настроить их положение на раме. Конструкция регулируемых замков также позволяет настраивать угол атаки в пределах 150.</p>&#13;
<p>К задней части рамы крепится барабан-грунтобой.  Для надежности и плавности работы, он установлен на шариковых подшипниках. Барабан, кроме функции прикатывания и рыхления, выполняет задачу ограничения глубины обработки. Регулировка осуществляется при помощи шарнирно-винтового соединения. Для снижения нагрузки на навесную систему при транспортировке, барабан имеет функцию быстрого опрокидывания.</p>&#13;
<p><strong>Базовая комплектация культиватора для мототрактора</strong></p>&#13;
<p>В базовую комплектацию культиватора сплошной обработки КУ21 для мототрактора входят следующие узлы:</p>&#13;
<ul style=""list-style-type: disc;"">&#13;
<li>рама с прицепным узлом – 1шт;</li>&#13;
<li>замки плоскорезов – 5шт;</li>&#13;
<li>плоскорезы – 5шт;</li>&#13;
<li>роторный барабан-грунтобой – 1шт.</li>&#13;
</ul>&#13;
<p>Вес культиватора: 86 кг.</p>&#13;
<p><strong>Примечание:</strong></p>&#13;
<p>Культиватор после модернизации может быть использован для междурядной обработки. Для этого необходимо демонтировать барабан-грунтобой и установить опорные колеса. В базовую комплектации крепления для опорных колес не входят.</p>&#13;
<p> </p>    </div>"
КУ22;Культиватор сплошной обработки (прицепное 3 точки) (КУ22);"<div id=""home"" class=""tab-pane fade in active"">
    <p><strong>Наименование в прайсе:</strong> <em>Культиватор суцільного обробітку (причіпне 3 точки), КУ22.</em></p>&#13;
<p>Универсальный культиватор сплошной обработки КУ22 предназначен для агрегатирования с мини-тракторами, оснащенными трехточечным прицепным устройством. Ширина обработки – 160 см.</p>&#13;
<p>Прицепной узел – универсальный, имеет двусторонние пальцы – 21 и 27 мм. (нужно проверить диаметры)</p>&#13;
<p>Положение рамы в горизонтальной плоскости регулируется с помощью навесной системы трактора. Дополнительная регулировка угла атаки плоскорезов настраивается при помощи регулировочных болтов на замке.</p>&#13;
<p><strong>Конструкция культиватора</strong></p>&#13;
<p>Культиватор сплошной обработки для минитрактора, модель КУ22, состоит из рамы с двумя поперечными распорками, на которых в шахматном порядке установлены 7 плоскорезов: три – впереди и четыре – сзади, прицепного узла и барабана-грунтобоя.</p>&#13;
<p>Рама культиватора изготовлена из стального профиля, сечением 40х40 мм, толщина стенки – 3 мм. Плоскорезы с шириной захвата 280 мм изготовлены из конструкционной стали марки 45, установлены на подвижных регулируемых замках, что дает возможность настроить их положение на раме. Конструкция регулируемых замков также позволяет настраивать угол атаки каждого орудия в пределах 150.</p>&#13;
<p>К задней части рамы крепится барабан-грунтобой.  Для надежности и плавности работы он установлен на шариковых подшипниках. Барабан, кроме функции прикатывания и рыхления, выполняет задачу ограничения глубины обработки. Регулировка осуществляется при помощи шарнирно-винтового соединения. Для снижения нагрузки на навесную систему при транспортировке, барабан имеет возможность быстрого опрокидывания.</p>&#13;
<p><strong>Базовая комплектация культиватора для мототрактора</strong></p>&#13;
<p>В базовую комплектацию культиватора сплошной обработки КУ22 для минитрактора входят следующие узлы:</p>&#13;
<ul style=""list-style-type: disc;"">&#13;
<li>рама с трехточечным прицепным узлом – 1шт;</li>&#13;
<li>замки плоскорезов – 7шт;</li>&#13;
<li>плоскорезы – 7шт;</li>&#13;
<li>барабан-грунтобой – 1шт.</li>&#13;
</ul>&#13;
<p>Вес культиватора: 105кг.</p>&#13;
<p><strong>Примечание:</strong></p>&#13;
<p>Культиватор после модернизации может быть использован для междурядной обработки. Для этого необходимо демонтировать барабан-грунтобой и установить опорные колеса. В базовую комплектацию опорные колеса и крепления для них не входят. По запросу возможно изготовление модифицированных моделей культиваторов.</p>&#13;
<p> </p>    </div>"
КУд1;Система для внесения жидких удобрений для культиватора КУ11 (КУд1);error
КУд2;Рамка мульчера (переднее подключение) для мототрактора (КУд2);error